{"dt": {"acuracy": 0.451108789972682, "f1": 0.3846715183431253}, "lr": {"acuracy": 0.8347706536682915, "f1": 0.8332280034756234}, "lsvc": {"acuracy": 0.8265886407056261, "f1": 0.8279318354216001}, "nb": {"acuracy": 0.7373542592890174, "f1": 0.7455214279472531}, "rf": {"acuracy": 0.5386290999339368, "f1": 0.5571351407042987}, "kmeans": {"f1": 0.05252951637475476, "accuracy": 0.0670005535022408}}