,train_size,score
0,0.25,0.8051262821455802
1,0.5,0.8159126009611525
2,0.75,0.8192947811572023
3,1.0,0.8223177210491601
