{"Rust": 8.589495184038528, "JavaScript": 0.5747766437723536, "C++": 0.7815658917155087, "C": 0.41507751639989776, "HTML": 2.723938418741648, "shell": 11.954356672651107, "Go": 0.6564226846131602, "Ruby": 4.6637397273066865, "Python": 1.2835068172764306, "Java": 0.6723186488824268}